时间(CST),COS_bytessent_GB,CSV带宽_GB_min,请求数
00:00,0.7323,0.027797,206
00:01,0.7732,0.129817,317
00:02,0.8613,0.151723,263
00:03,1.3165,0.115452,457
00:04,21.8928,0.215832,5672
00:05,29.6498,7.824917,7816
00:06,2.1018,0.865740,1446
00:07,3.1705,0.253218,1924
00:08,1.2154,0.494240,1278
00:09,3.2894,0.127473,1968
00:10,3.4316,0.695671,1464
00:11,2.4651,0.414954,689
00:12,1.7197,0.277521,1235
00:13,0.5661,0.170711,459
00:14,0.5748,0.073948,376
00:15,0.6991,0.084000,280
00:16,0.6542,0.102963,297
00:17,0.9153,0.091559,361
00:18,10.4011,0.186093,2868
00:19,11.3736,2.192993,3166
00:20,1.2794,0.905807,447
00:21,0.9603,0.139185,490
00:22,0.6925,0.167413,403
00:23,0.5027,0.072590,324
00:24,0.5828,0.113811,388
00:25,0.2464,0.037271,204
00:26,1.3120,0.079966,2756
00:27,10.4162,0.640808,4156
00:28,9.9020,1.788265,3152
00:29,1.7187,0.843675,781
00:30,2.0372,0.280789,1026
00:31,1.8498,0.327489,581
00:32,0.8694,0.210659,451
00:33,4.6035,0.137783,1854
00:34,17.1711,2.220049,5136
00:35,8.4424,0.951237,2366
00:36,7.7346,1.468567,2036
00:37,3.0068,0.940686,1019
00:38,12.0640,0.757742,3303
00:39,32.5498,3.942510,8815
00:40,51.8268,4.384122,13836
00:41,22.5887,7.123854,6414
00:42,7.7991,1.917160,2282
00:43,7.7331,1.120900,2092
00:44,5.1813,1.130942,1489
00:45,8.6846,0.730735,2828
00:46,43.9792,2.674919,12006
00:47,10.6698,5.663225,3159
00:48,25.1826,1.799319,7005
00:49,25.4921,4.733889,7004
00:50,13.2195,2.370461,4156
00:51,23.4788,2.699415,6717
00:52,17.4604,2.332337,5025
00:53,14.0775,2.882907,4106
00:54,13.7817,2.644805,3825
00:55,16.0800,1.938389,4742
00:56,7.8593,1.686005,2129
00:57,20.5045,1.757634,5443
00:58,29.3033,3.655447,7697
00:59,27.2583,3.945746,7163
01:00,24.9111,4.176553,6725
01:01,22.6513,4.346618,5998
01:02,18.9720,2.351668,5224
01:03,21.3419,3.131270,6024
01:04,29.9470,4.760474,8095
01:05,5.4321,1.453554,1695
01:06,43.5711,2.223836,12035
01:07,7.7582,5.541310,2256
01:08,7.6156,0.339360,2892
01:09,112.9807,5.522719,30212
01:10,15.5558,13.415155,4811
01:11,44.9194,3.093271,12681
01:12,63.5190,9.165869,17339
01:13,11.6121,4.703778,3573
01:14,3.2263,1.107875,1280
01:15,23.1247,0.659427,6339
01:16,42.4295,5.113732,11130
01:17,14.0098,4.312792,3995
01:18,38.8041,3.246993,10487
01:19,22.9942,5.730718,6417
01:20,56.3781,3.080275,15301
01:21,47.4019,10.015009,13361
01:22,31.6347,5.713083,8750
01:23,48.8498,6.224353,13041
01:24,24.4157,5.470058,6923
01:25,32.9771,4.017487,8938
01:26,16.6266,3.726967,4804
01:27,15.8025,2.375515,4520
01:28,39.1372,3.066630,10341
01:29,53.2215,8.097791,14250
01:30,31.7140,5.859249,8658
01:31,26.1251,4.906451,7330
01:32,55.5182,4.356499,15003
01:33,30.1029,7.100631,8239
01:34,17.6244,3.696169,5360
01:35,50.7175,2.905142,13308
01:36,61.1995,10.967674,16455
01:37,25.0904,7.067109,7117
01:38,16.6515,3.353415,4684
01:39,0.6067,1.415099,157
01:40,0.1926,0.048913,57
01:41,0.2697,0.029754,92
01:42,0.6783,0.052977,242
01:43,2.4930,0.124678,2750
01:44,1.9247,0.375589,546
01:45,81.6826,3.481925,21786
01:46,11.0146,10.074160,3267
01:47,4.1273,0.265287,1906
01:48,13.3501,0.839991,3881
01:49,10.6213,2.321324,2906
01:50,8.1118,1.566340,5162
01:51,3.2930,0.836865,1657
01:52,6.4421,0.643906,1757
01:53,1.9762,0.580126,545
01:54,2.2547,0.296929,599
01:55,2.0808,0.292570,1755
01:56,3.1020,0.318296,1385
01:57,2.9059,0.608153,843
01:58,1.7460,0.272303,468
01:59,1.2747,0.249569,339
02:00,0.0000,0.274550,0
02:01,0.0000,0.270195,0
02:02,0.0000,0.312925,0
02:03,0.0000,0.290857,0
02:04,0.0000,0.294418,0
02:05,0.0000,2.560857,0
02:06,0.0000,2.300057,0
02:07,0.0000,3.154385,0
02:08,0.0000,3.748473,0
02:09,0.0000,0.184450,0
02:10,0.0000,0.753393,0
02:11,0.0000,0.617604,0
02:12,0.0000,0.058493,0
02:13,0.0000,0.291549,0
02:14,0.0000,0.326578,0
02:15,0.0000,1.153220,0
02:16,0.0000,0.229681,0
02:17,0.0000,5.176331,0
02:18,0.0000,4.464209,0
02:19,0.0000,0.234830,0
02:20,0.0000,0.113997,0
02:21,0.0000,0.078200,0
02:22,0.0000,0.075707,0
02:23,0.0000,0.133750,0
02:24,0.0000,0.075036,0
02:25,0.0000,0.180740,0
02:26,0.0000,0.372607,0
02:27,0.0000,0.097159,0
02:28,0.0000,0.087515,0
02:29,0.0000,0.061134,0
02:30,0.0000,0.025961,0
02:31,0.0000,0.043171,0
02:32,0.0000,0.043697,0
02:33,0.0000,0.030348,0
02:34,0.0000,0.061208,0
02:35,0.0000,0.072286,0
02:36,0.0000,0.052532,0
02:37,0.0000,0.030080,0
02:38,0.0000,0.067306,0
02:39,0.0000,0.037736,0
02:40,0.0000,0.235523,0
02:41,0.0000,0.129303,0
02:42,0.0000,0.060855,0
02:43,0.0000,0.078139,0
02:44,0.0000,0.037708,0
02:45,0.0000,0.030493,0
02:46,0.0000,0.027671,0
02:47,0.0000,0.026254,0
02:48,0.0000,0.114314,0
02:49,0.0000,0.036724,0
02:50,0.0000,0.158009,0
02:51,0.0000,0.423552,0
02:52,0.0000,0.027283,0
02:53,0.0000,0.043637,0
02:54,0.0000,0.554567,0
02:55,0.0000,0.242524,0
02:56,0.0000,0.101403,0
02:57,0.0000,0.039135,0
02:58,0.0000,0.072635,0
02:59,0.0000,0.344779,0
03:00,1.0447,0.106101,319
03:01,0.2309,0.096734,110
03:02,0.3201,0.032639,97
03:03,2.3152,0.107719,608
03:04,0.3675,0.288223,103
03:05,0.5385,0.060172,162
03:06,1.1620,0.166983,355
03:07,0.4582,0.077839,141
03:08,0.2444,0.061369,70
03:09,0.1914,0.025203,49
03:10,0.2086,0.029117,60
03:11,0.1937,0.031279,68
03:12,0.2143,0.029670,59
03:13,0.1850,0.028080,50
03:14,0.1752,0.026284,46
03:15,0.1596,0.025566,42
03:16,0.1879,0.026325,57
03:17,0.3380,0.026443,103
03:18,0.1954,0.052585,58
03:19,0.1886,0.026567,50
03:20,0.1658,0.026244,47
03:21,0.1820,0.027617,59
03:22,0.3069,0.032570,82
03:23,0.1836,0.035973,48
03:24,0.1612,0.025725,46
03:25,0.2010,0.027425,52
03:26,0.1918,0.025612,58
03:27,0.5655,0.043053,164
03:28,0.1726,0.064847,51
03:29,0.4185,0.040520,116
03:30,0.3444,0.049481,2595
03:31,0.4850,0.066329,2122
03:32,1.5823,0.112636,1506
03:33,50.1295,0.210934,13014
03:34,1.5135,7.170134,2044
03:35,1.1826,0.295409,1128
03:36,1.6526,0.122235,429
03:37,6.8881,0.316410,2149
03:38,4.4954,1.037193,1328
03:39,6.2667,1.083183,2051
03:40,1.3089,0.399060,413
03:41,0.6705,0.159971,211
03:42,0.4598,0.071956,200
03:43,0.5532,0.088970,1143
03:44,0.5222,0.066102,343
03:45,0.3735,0.070705,2214
03:46,0.9451,0.106564,825
03:47,0.5669,0.118603,166
03:48,0.1767,0.044617,52
03:49,0.4087,0.036352,137
03:50,0.1540,0.052935,63
03:51,0.3614,0.036317,1116
03:52,0.2586,0.049928,107
03:53,8.7469,0.084945,2252
03:54,79.2615,2.237787,20517
03:55,23.3531,11.886480,6520
03:56,1.0101,1.844930,578
03:57,9.7208,0.904713,2722
03:58,7.3827,0.943078,2009
03:59,74.2371,4.180914,19979
04:00,30.2035,8.874857,8341
04:01,13.0568,4.093303,4037
04:02,0.9120,0.915670,430
04:03,46.3951,1.133691,11943
04:04,42.6276,7.948303,11230
04:05,18.2735,4.660750,5094
04:06,2.8128,2.073098,1017
04:07,10.8519,0.437915,3584
04:08,44.3012,2.973757,12286
04:09,34.6133,6.782692,9309
04:10,13.6018,4.406797,3755
04:11,7.4696,1.832863,2040
04:12,4.1299,0.577242,1064
04:13,0.3668,0.534347,1090
04:14,0.4768,0.048454,221
04:15,3.1476,0.090397,1953
04:16,9.9990,1.171042,2976
04:17,9.8952,1.347140,8726
04:18,5.4916,1.219161,2772
04:19,3.9136,0.730087,1533
04:20,3.0587,0.530146,2234
04:21,0.8036,0.337410,1026
04:22,0.5118,0.094163,296
04:23,1.5397,0.181578,531
04:24,5.4632,0.262138,1534
04:25,0.5251,0.648680,423
04:26,0.6181,0.075656,175
04:27,2.5217,0.130812,759
04:28,3.8781,0.737569,1220
04:29,0.3891,0.147913,919
04:30,6.8051,0.205676,2319
04:31,1.5750,1.058497,469
04:32,2.0151,0.282664,706
04:33,0.6459,0.100511,2175
04:34,0.2227,0.071559,68
04:35,7.3528,0.431989,1923
04:36,0.6450,0.817175,196
04:37,0.2470,0.044245,85
04:38,3.8487,0.044982,1337
04:39,1.8668,0.590235,649
04:40,1.2522,0.358353,394
04:41,0.3491,0.060574,427
04:42,0.4339,0.063231,231
04:43,1.5308,0.058397,526
04:44,2.0025,0.230723,650
04:45,3.2360,0.276698,838
04:46,5.0674,0.772632,1329
04:47,0.8463,0.465421,246
04:48,0.2539,0.075123,66
04:49,0.1964,0.034923,93
04:50,0.1682,0.025638,75
04:51,0.1819,0.022946,77
04:52,0.2116,0.028371,1809
04:53,0.2715,0.031124,125
04:54,0.7334,0.076038,211
04:55,0.4470,0.087752,127
04:56,0.3079,0.060193,90
04:57,0.3907,0.051099,127
04:58,0.8482,0.061310,236
04:59,0.3127,0.118637,87
05:00,0.3548,0.047401,123
05:01,0.3590,0.052976,130
05:02,0.2661,0.047699,128
05:03,0.2633,0.039890,72
05:04,0.2424,0.038261,75
05:05,0.2239,0.036545,66
05:06,0.2119,0.030425,167
05:07,0.6534,0.039562,1405
05:08,0.3204,0.100723,102
05:09,0.1758,0.036382,48
05:10,2.4030,0.056833,1563
05:11,0.2019,0.314605,110
05:12,0.3100,0.036120,110
05:13,0.2229,0.040064,71
05:14,0.7491,0.031351,234
05:15,1.4965,0.193303,475
05:16,0.2412,0.135998,482
05:17,0.6758,0.037065,213
05:18,0.3132,0.095220,107
05:19,0.2394,0.048208,66
05:20,0.7134,0.059536,247
05:21,0.5247,0.085772,228
05:22,2.9754,0.144914,1376
05:23,0.3819,0.362091,296
05:24,0.4403,0.050913,836
05:25,0.4934,0.068120,507
05:26,1.1859,0.118051,326
05:27,1.4322,0.228081,447
05:28,0.9183,0.154786,356
05:29,0.4287,0.125010,116
05:30,5.3854,0.034453,1435
05:31,40.7601,3.675097,10520
05:32,37.0491,5.537630,9586
05:33,2.9182,3.823685,1764
05:34,0.5935,0.110347,217
05:35,1.7296,0.214054,3144
05:36,1.0894,0.151611,420
05:37,0.6159,0.167173,185
05:38,1.7306,0.154132,493
05:39,0.4827,0.179219,288
05:40,0.6007,0.066156,801
05:41,2.1220,0.092199,1177
05:42,2.6073,0.578460,1203
05:43,0.6841,0.104068,17645
05:44,1.3584,0.148844,25953
05:45,9.0546,0.413353,16087
05:46,8.3774,1.591749,2308
05:47,3.1827,1.040594,986
05:48,2.6799,0.305494,714
05:49,3.2099,0.496482,911
05:50,17.2530,1.458214,5274
05:51,5.5265,1.680318,1646
05:52,1.0819,0.778598,351
05:53,1.1484,0.131441,416
05:54,1.6310,0.170552,489
05:55,0.8173,0.257386,261
05:56,2.7871,0.147656,779
05:57,16.3256,1.824880,4676
05:58,6.5661,1.704479,2053
05:59,1.2162,0.452393,373
06:00,0.0000,0.151457,0
06:01,0.0000,0.174375,0
06:02,0.0000,0.224872,0
06:03,0.0000,0.232288,0
06:04,0.0000,0.243013,0
06:05,0.0000,0.155241,0
06:06,0.0000,0.347326,0
06:07,0.0000,0.565834,0
06:08,0.0000,1.630686,0
06:09,0.0000,2.228430,0
06:10,0.0000,0.718329,0
06:11,0.0000,0.477791,0
06:12,0.0000,0.526079,0
06:13,0.0000,1.598997,0
06:14,0.0000,1.575275,0
06:15,0.0000,0.626789,0
06:16,0.0000,0.668318,0
06:17,0.0000,0.624678,0
06:18,0.0000,0.423969,0
06:19,0.0000,0.216406,0
06:20,0.0000,0.261769,0
06:21,0.0000,0.420992,0
06:22,0.0000,0.439039,0
06:23,0.0000,0.496659,0
06:24,0.0000,0.355353,0
06:25,0.0000,1.347615,0
06:26,0.0000,1.183120,0
06:27,0.0000,0.175992,0
06:28,0.0000,0.094706,0
06:29,0.0000,0.309023,0
06:30,0.0000,0.292381,0
06:31,0.0000,0.275937,0
06:32,0.0000,0.080078,0
06:33,0.0000,0.076306,0
06:34,0.0000,0.092533,0
06:35,0.0000,0.167908,0
06:36,0.0000,0.181367,0
06:37,0.0000,0.153064,0
06:38,0.0000,0.223872,0
06:39,0.0000,0.388918,0
06:40,0.0000,0.216933,0
06:41,0.0000,0.269421,0
06:42,0.0000,0.398125,0
06:43,0.0000,0.196150,0
06:44,0.0000,0.743700,0
06:45,0.0000,0.480181,0
06:46,0.0000,0.215339,0
06:47,0.0000,0.268472,0
06:48,0.0000,1.092475,0
06:49,0.0000,0.406285,0
06:50,0.0000,0.048553,0
06:51,0.0000,0.190400,0
06:52,0.0000,0.044316,0
06:53,0.0000,0.405863,0
06:54,0.0000,0.123450,0
06:55,0.0000,0.062592,0
06:56,0.0000,0.077470,0
06:57,0.0000,0.103587,0
06:58,0.0000,0.166765,0
06:59,0.0000,0.151024,0
07:00,0.0000,0.226619,0
07:01,0.0000,0.180033,0
07:02,0.0000,0.256361,0
07:03,0.0000,0.196164,0
07:04,0.0000,0.165311,0
07:05,0.0000,0.321711,0
07:06,0.0000,0.424521,0
07:07,0.0000,2.217892,0
07:08,0.0000,0.249817,0
07:09,0.0000,0.911735,0
07:10,0.0000,1.853148,0
07:11,0.0000,0.908752,0
07:12,0.0000,0.086779,0
07:13,0.0000,0.095204,0
07:14,0.0000,0.088429,0
07:15,0.0000,0.122152,0
07:16,0.0000,0.117665,0
07:17,0.0000,0.067065,0
07:18,0.0000,0.071310,0
07:19,0.0000,0.046156,0
07:20,0.0000,0.137172,0
07:21,0.0000,0.073067,0
07:22,0.0000,0.124145,0
07:23,0.0000,0.243523,0
07:24,0.0000,0.226356,0
07:25,0.0000,0.094765,0
07:26,0.0000,0.090699,0
07:27,0.0000,0.037616,0
07:28,0.0000,0.159458,0
07:29,0.0000,0.078906,0
07:30,0.0000,0.258795,0
07:31,0.0000,0.303512,0
07:32,0.0000,0.176550,0
07:33,0.0000,0.034345,0
07:34,0.0000,0.080388,0
07:35,0.0000,0.310733,0
07:36,0.0000,0.026297,0
07:37,0.0000,0.031827,0
07:38,0.0000,0.090899,0
07:39,0.0000,2.075046,0
07:40,0.0000,1.064129,0
07:41,0.0000,1.108920,0
07:42,0.0000,0.146000,0
07:43,0.0000,0.154579,0
07:44,0.0000,0.232273,0
07:45,0.0000,0.208248,0
07:46,0.0000,0.239278,0
07:47,0.0000,0.294585,0
07:48,0.0000,0.273853,0
07:49,0.0000,0.070725,0
07:50,0.0000,0.206852,0
07:51,0.0000,0.406041,0
07:52,0.0000,0.492008,0
07:53,0.0000,0.853061,0
07:54,0.0000,1.118709,0
07:55,0.0000,0.053498,0
07:56,0.0000,0.200439,0
07:57,0.0000,0.501115,0
07:58,0.0000,0.111054,0
07:59,0.0000,0.066138,0
08:00,0.0000,0.032343,0
08:01,0.0000,0.152610,0
08:02,0.0000,0.076827,0
08:03,0.0000,0.179405,0
08:04,0.0000,0.476146,0
08:05,0.0000,0.134696,0
08:06,0.0000,0.145451,0
08:07,0.0000,0.149846,0
08:08,0.0000,0.119440,0
08:09,0.0000,0.306683,0
08:10,0.0000,0.232494,0
08:11,0.0000,0.243564,0
08:12,0.0000,0.347418,0
08:13,0.0000,0.155579,0
08:14,0.0000,0.635092,0
08:15,0.0000,0.111970,0
08:16,0.0000,0.117483,0
08:17,0.0000,0.792323,0
08:18,0.0000,1.195724,0
08:19,0.0000,0.275472,0
08:20,0.0000,0.214535,0
08:21,0.0000,0.209311,0
08:22,0.0000,0.826167,0
08:23,0.0000,0.599831,0
08:24,0.0000,0.144594,0
08:25,0.0000,0.310870,0
08:26,0.0000,0.177080,0
08:27,0.0000,0.273252,0
08:28,0.0000,0.189586,0
08:29,0.0000,0.500644,0
08:30,0.0000,0.117320,0
08:31,0.0000,0.411480,0
08:32,0.0000,0.617907,0
08:33,0.0000,0.726364,0
08:34,0.0000,1.508346,0
08:35,0.0000,0.135106,0
08:36,0.0000,0.115023,0
08:37,0.0000,0.144885,0
08:38,0.0000,0.154183,0
08:39,0.0000,0.461649,0
08:40,0.0000,0.248011,0
08:41,0.0000,0.190076,0
08:42,0.0000,0.260371,0
08:43,0.0000,0.476130,0
08:44,0.0000,0.158640,0
08:45,0.0000,0.191041,0
08:46,0.0000,0.345114,0
08:47,0.0000,0.362663,0
08:48,0.0000,0.111820,0
08:49,0.0000,0.372677,0
08:50,0.0000,0.066397,0
08:51,0.0000,0.039455,0
08:52,0.0000,0.228874,0
08:53,0.0000,0.060113,0
08:54,0.0000,0.298286,0
08:55,0.0000,0.131189,0
08:56,0.0000,0.087127,0
08:57,0.0000,0.558702,0
08:58,0.0000,0.259445,0
08:59,0.0000,0.318384,0
09:00,0.0000,0.078074,0
09:01,0.0000,0.236258,0
09:02,0.0000,0.517811,0
09:03,0.0000,0.662399,0
09:04,0.0000,1.541081,0
09:05,0.0000,0.668220,0
09:06,0.0000,1.227433,0
09:07,0.0000,0.830419,0
09:08,0.0000,0.321821,0
09:09,0.0000,1.176636,0
09:10,0.0000,1.297159,0
09:11,0.0000,0.922735,0
09:12,0.0000,0.146448,0
09:13,0.0000,0.284006,0
09:14,0.0000,0.235604,0
09:15,0.0000,0.746217,0
09:16,0.0000,1.079422,0
09:17,0.0000,1.481043,0
09:18,0.0000,0.689905,0
09:19,0.0000,0.861349,0
09:20,0.0000,3.019663,0
09:21,0.0000,2.341500,0
09:22,0.0000,1.166131,0
09:23,0.0000,1.943529,0
09:24,0.0000,2.096132,0
09:25,0.0000,1.499346,0
09:26,0.0000,1.483793,0
09:27,0.0000,2.953515,0
09:28,0.0000,1.554783,0
09:29,0.0000,1.581931,0
09:30,0.0000,1.026439,0
09:31,0.0000,1.030463,0
09:32,0.0000,1.152624,0
09:33,0.0000,3.158260,0
09:34,0.0000,1.750425,0
09:35,0.0000,1.225455,0
09:36,0.0000,1.379049,0
09:37,0.0000,1.328773,0
09:38,0.0000,1.185861,0
09:39,0.0000,1.690288,0
09:40,0.0000,2.073594,0
09:41,0.0000,2.479846,0
09:42,0.0000,0.579289,0
09:43,0.0000,0.548648,0
09:44,0.0000,0.462278,0
09:45,0.0000,0.287475,0
09:46,0.0000,0.279086,0
09:47,0.0000,1.050868,0
09:48,0.0000,0.374933,0
09:49,0.0000,0.360691,0
09:50,0.0000,3.092577,0
09:51,0.0000,0.290728,0
09:52,0.0000,0.303137,0
09:53,0.0000,0.214164,0
09:54,0.0000,0.141021,0
09:55,0.0000,0.098067,0
09:56,0.0000,0.031722,0
09:57,0.0000,0.033328,0
09:58,0.0000,0.031418,0
09:59,0.0000,0.030171,0
10:00,18.9336,1.247038,4890
10:01,0.2373,1.662324,898
10:02,0.3444,0.035944,119
10:03,4.8192,0.066080,1294
10:04,2.6547,1.093142,1152
10:05,0.3623,0.037738,163
10:06,13.1999,1.313491,3459
10:07,1.3045,0.800479,541
10:08,27.5014,0.932788,7316
10:09,3.0599,3.677376,995
10:10,1.8312,0.096198,602
10:11,5.3101,0.650614,1802
10:12,2.6749,0.638286,770
10:13,1.6683,0.342763,569
10:14,1.3753,0.265507,468
10:15,0.6869,0.202162,307
10:16,0.6572,0.111653,1396
10:17,0.7188,0.100696,271
10:18,0.5709,0.099571,205
10:19,1.0071,0.086012,273
10:20,0.5353,0.155910,159
10:21,0.5735,0.097986,203
10:22,0.6192,0.094575,184
10:23,0.4900,0.080834,921
10:24,0.5430,0.076327,141
10:25,2.5702,0.092242,795
10:26,39.1878,1.402780,10718
10:27,59.2230,9.851738,15925
10:28,1.9478,3.991622,595
10:29,10.3013,0.374244,3207
10:30,10.2311,2.354727,2791
10:31,1.4345,0.857276,746
10:32,9.4843,0.792684,2707
10:33,57.2587,1.715457,14938
10:34,10.6106,8.196300,2902
10:35,32.7362,1.548569,8714
10:36,32.9657,7.982942,8781
10:37,16.6954,2.196731,5727
10:38,53.2646,5.825606,14392
10:39,6.2884,4.399969,1778
10:40,15.7817,1.571938,4289
10:41,3.0999,1.725887,840
10:42,4.7412,0.376514,1320
10:43,1.2265,0.662106,340
10:44,0.8444,0.089747,251
10:45,0.3463,0.123840,201
10:46,0.1813,0.041496,49
10:47,0.2071,0.030367,56
10:48,0.2169,0.030589,66
10:49,0.1953,0.031331,52
10:50,0.2277,0.031377,68
10:51,0.1899,0.033378,61
10:52,0.6554,0.041988,191
10:53,0.2696,0.088950,594
10:54,0.2046,0.032897,54
10:55,0.2157,0.030976,73
10:56,0.2015,0.030196,1073
10:57,0.3072,0.041945,117
10:58,0.2041,0.038552,111
10:59,0.2044,0.030174,228
11:00,0.1945,0.028795,358
11:01,1.0864,0.102052,1021
11:02,0.3201,0.097719,88
11:03,0.2164,0.050445,3401
11:04,0.2297,0.036524,109
11:05,0.1766,0.031912,68
11:06,0.2001,0.029789,67
11:07,0.4082,0.052906,158
11:08,0.6397,0.061668,1251
11:09,1.8134,0.166731,506
11:10,0.6271,0.183460,227
11:11,0.5352,0.116318,274
11:12,3.4478,0.218111,3984
11:13,1.0700,0.485992,616
11:14,4.0824,0.161587,1277
11:15,5.1642,0.638867,1646
11:16,10.4887,1.964003,2979
11:17,1.3544,0.520156,385
11:18,2.6937,0.357927,1020
11:19,0.6229,0.279766,252
11:20,3.3129,0.355351,1215
11:21,3.0908,0.339850,1163
11:22,0.5727,0.371718,209
11:23,2.1798,0.097348,831
11:24,0.7996,0.298646,295
11:25,1.9290,0.265362,627
11:26,0.4859,0.171578,213
11:27,0.2025,0.052083,159
11:28,4.1583,0.042358,1939
11:29,5.4228,1.115611,1872
11:30,2.3050,0.588840,763
11:31,0.4797,0.232306,148
11:32,0.2327,0.061802,62
11:33,0.1774,0.032599,58
11:34,0.3148,0.029514,129
11:35,0.6433,0.050700,185
11:36,0.2158,0.094068,60
11:37,0.2092,0.032656,58
11:38,0.7141,0.045502,211
11:39,0.2706,0.100226,101
11:40,0.2260,0.031419,68
11:41,0.2469,0.032297,77
11:42,0.3505,0.039568,147
11:43,0.6605,0.057062,184
11:44,0.2417,0.089480,63
11:45,1.3023,0.044066,1006
11:46,1.5461,0.290765,400
11:47,0.2062,0.132509,57
11:48,0.2341,0.032369,71
11:49,0.4258,0.032623,120
11:50,0.9787,0.133054,265
11:51,0.4393,0.087682,171
11:52,0.5950,0.077320,171
11:53,12.5461,0.311709,3416
11:54,0.4812,1.674213,151
11:55,0.2073,0.068836,116
11:56,0.2228,0.035636,64
11:57,17.0926,0.668256,7978
11:58,4.6922,2.233373,1213
11:59,0.5105,0.625407,136
12:00,0.2602,0.058235,307
12:01,3.1017,0.068551,864
12:02,8.7215,1.619353,2363
12:03,0.3121,0.086571,98
12:04,0.2820,0.050775,259
12:05,3.1327,0.048126,854
12:06,7.5552,0.956384,2096
12:07,0.6663,0.806355,200
12:08,12.2325,0.274336,3347
12:09,4.7331,1.823638,2417
12:10,8.1829,1.306635,2238
12:11,0.4280,0.706109,487
12:12,0.3318,0.051158,88
12:13,2.6536,0.048689,729
12:14,8.6561,0.691920,2527
12:15,0.1758,1.053481,54
12:16,0.2500,0.036944,136
12:17,0.2597,0.036582,355
12:18,10.4203,0.468668,2889
12:19,0.7615,1.331029,276
12:20,0.2706,0.070390,157
12:21,0.2453,0.030555,151
12:22,23.6838,0.134288,6104
12:23,54.4820,6.157029,14340
12:24,17.6807,7.831230,4722
12:25,0.4591,0.228781,231
12:26,0.1915,0.049335,56
12:27,0.2068,0.036151,69
12:28,0.6931,0.036163,190
12:29,1.7193,0.140798,567
12:30,8.2129,0.621355,3189
12:31,0.6694,0.795153,654
12:32,0.2771,0.085274,208
12:33,0.1914,0.037089,50
12:34,0.1986,0.027970,53
12:35,0.2233,0.029641,63
12:36,0.2283,0.030202,65
12:37,0.2687,0.033145,101
12:38,0.8857,0.136666,235
12:39,0.2787,0.070289,75
12:40,0.2327,0.030788,68
12:41,0.2037,0.032195,68
12:42,0.1916,0.035868,59
12:43,1.8994,0.062047,533
12:44,0.2701,0.248564,90
12:45,0.2071,0.030204,59
12:46,0.1973,0.030767,59
12:47,0.1986,0.031198,56
12:48,0.7647,0.033949,208
12:49,0.4089,0.140250,109
12:50,0.2055,0.045294,59
12:51,0.1818,0.029989,56
12:52,0.1968,0.035173,62
12:53,0.2070,0.034131,54
12:54,0.2031,0.029081,53
12:55,0.1955,0.031080,56
12:56,0.2398,0.031918,71
12:57,0.1881,0.033291,54
12:58,0.8980,0.091647,244
12:59,0.1936,0.075449,56
13:00,0.0000,0.031558,0
13:01,0.0000,0.034724,0
13:02,0.0000,0.037431,0
13:03,0.0000,0.050324,0
13:04,0.0000,0.039623,0
13:05,0.0000,0.028531,0
13:06,0.0000,0.060096,0
13:07,0.0000,0.103837,0
13:08,0.0000,1.689603,0
13:09,0.0000,0.562366,0
13:10,0.0000,0.102333,0
13:11,0.0000,0.071064,0
13:12,0.0000,0.052962,0
13:13,0.0000,0.047574,0
13:14,0.0000,0.032015,0
13:15,0.0000,0.091785,0
13:16,0.0000,0.029851,0
13:17,0.0000,0.035006,0
13:18,0.0000,0.033029,0
13:19,0.0000,0.094927,0
13:20,0.0000,0.080549,0
13:21,0.0000,0.042213,0
13:22,0.0000,0.032136,0
13:23,0.0000,0.032076,0
13:24,0.0000,0.030486,0
13:25,0.0000,0.031349,0
13:26,0.0000,0.029867,0
13:27,0.0000,0.031385,0
13:28,0.0000,0.037249,0
13:29,0.0000,0.139376,0
13:30,0.0000,0.144006,0
13:31,0.0000,1.088066,0
13:32,0.0000,0.246973,0
13:33,0.0000,0.045178,0
13:34,0.0000,0.029845,0
13:35,0.0000,0.031591,0
13:36,0.0000,0.027964,0
13:37,0.0000,0.034371,0
13:38,0.0000,0.031582,0
13:39,0.0000,0.114284,0
13:40,0.0000,0.042591,0
13:41,0.0000,0.036737,0
13:42,0.0000,0.032933,0
13:43,0.0000,0.031547,0
13:44,0.0000,0.028521,0
13:45,0.0000,0.032439,0
13:46,0.0000,0.034427,0
13:47,0.0000,0.032080,0
13:48,0.0000,0.053287,0
13:49,0.0000,0.115478,0
13:50,0.0000,0.042276,0
13:51,0.0000,0.031844,0
13:52,0.0000,0.036488,0
13:53,0.0000,0.033933,0
13:54,0.0000,0.050214,0
13:55,0.0000,0.076527,0
13:56,0.0000,0.052347,0
13:57,0.0000,0.032784,0
13:58,0.0000,0.032070,0
13:59,0.0000,0.135644,0
14:00,0.0000,0.053758,0
14:01,0.0000,0.094312,0
14:02,0.0000,0.035872,0
14:03,0.0000,0.048994,0
14:04,0.0000,0.050810,0
14:05,0.0000,0.049002,0
14:06,0.0000,0.058652,0
14:07,0.0000,0.138965,0
14:08,0.0000,1.409275,0
14:09,0.0000,0.822058,0
14:10,0.0000,0.125226,0
14:11,0.0000,0.183682,0
14:12,0.0000,0.505241,0
14:13,0.0000,0.100415,0
14:14,0.0000,0.041192,0
14:15,0.0000,0.089998,0
14:16,0.0000,0.030415,0
14:17,0.0000,0.035141,0
14:18,0.0000,0.043750,0
14:19,0.0000,0.156988,0
14:20,0.0000,0.051693,0
14:21,0.0000,0.033805,0
14:22,0.0000,0.035800,0
14:23,0.0000,0.031837,0
14:24,0.0000,0.031892,0
14:25,0.0000,0.030625,0
14:26,0.0000,0.031753,0
14:27,0.0000,0.035361,0
14:28,0.0000,0.034918,0
14:29,0.0000,0.107869,0
14:30,0.0000,0.200912,0
14:31,0.0000,0.874442,0
14:32,0.0000,0.281236,0
14:33,0.0000,0.031474,0
14:34,0.0000,0.030773,0
14:35,0.0000,0.034462,0
14:36,0.0000,0.030105,0
14:37,0.0000,0.034384,0
14:38,0.0000,0.034560,0
14:39,0.0000,0.101774,0
14:40,0.0000,0.066581,0
14:41,0.0000,0.035169,0
14:42,0.0000,0.039084,0
14:43,0.0000,0.029793,0
14:44,0.0000,0.032932,0
14:45,0.0000,0.030759,0
14:46,0.0000,0.033296,0
14:47,0.0000,0.031071,0
14:48,0.0000,0.034131,0
14:49,0.0000,0.143266,0
14:50,0.0000,0.053694,0
14:51,0.0000,0.033572,0
14:52,0.0000,0.034261,0
14:53,0.0000,0.033764,0
14:54,0.0000,0.033012,0
14:55,0.0000,0.032066,0
14:56,0.0000,0.114119,0
14:57,0.0000,0.145446,0
14:58,0.0000,0.067556,0
14:59,0.0000,0.142522,0
15:00,0.0000,0.047740,0
15:01,0.0000,1.436602,0
15:02,0.0000,4.779584,0
15:03,0.0000,4.705429,0
15:04,0.0000,4.944315,0
15:05,0.0000,4.793625,0
15:06,0.0000,4.508916,0
15:07,0.0000,3.684253,0
15:08,0.0000,4.431612,0
15:09,0.0000,3.705359,0
15:10,0.0000,2.177004,0
15:11,0.0000,1.523630,0
15:12,0.0000,0.897460,0
15:13,0.0000,0.553469,0
15:14,0.0000,0.326550,0
15:15,0.0000,0.265775,0
15:16,0.0000,0.192987,0
15:17,0.0000,0.114753,0
15:18,0.0000,0.081797,0
15:19,0.0000,0.057425,0
15:20,0.0000,0.120756,0
15:21,0.0000,0.050831,0
15:22,0.0000,0.033884,0
15:23,0.0000,0.030907,0
15:24,0.0000,0.029494,0
15:25,0.0000,0.034147,0
15:26,0.0000,0.034124,0
15:27,0.0000,0.030398,0
15:28,0.0000,0.040244,0
15:29,0.0000,0.132684,0
15:30,0.0000,0.168404,0
15:31,0.0000,0.545088,0
15:32,0.0000,0.711612,0
15:33,0.0000,0.030886,0
15:34,0.0000,0.032284,0
15:35,0.0000,0.028383,0
15:36,0.0000,0.032999,0
15:37,0.0000,0.032040,0
15:38,0.0000,0.033160,0
15:39,0.0000,0.112199,0
15:40,0.0000,0.045158,0
15:41,0.0000,0.034208,0
15:42,0.0000,0.036938,0
15:43,0.0000,0.031360,0
15:44,0.0000,0.034046,0
15:45,0.0000,0.032459,0
15:46,0.0000,0.036510,0
15:47,0.0000,0.031145,0
15:48,0.0000,0.036352,0
15:49,0.0000,0.130858,0
15:50,0.0000,0.052737,0
15:51,0.0000,0.045600,0
15:52,0.0000,0.041469,0
15:53,0.0000,0.033195,0
15:54,0.0000,0.031318,0
15:55,0.0000,0.033448,0
15:56,0.0000,0.032439,0
15:57,0.0000,0.034062,0
15:58,0.0000,0.030838,0
15:59,0.0000,0.095919,0
16:00,0.2473,0.056245,103
16:01,6.8949,0.051875,1859
16:02,33.4578,7.049075,9013
16:03,0.4970,0.308153,147
16:04,0.2327,0.053768,60
16:05,0.2108,0.031154,78
16:06,0.4716,0.058479,169
16:07,0.3882,0.089077,113
16:08,11.8595,0.805597,3241
16:09,2.2900,1.433294,671
16:10,0.4506,0.158706,671
16:11,0.5750,0.087112,207
16:12,0.3588,0.085113,104
16:13,0.2383,0.037456,79
16:14,0.6642,0.070852,184
16:15,0.2065,0.061642,62
16:16,0.1757,0.030748,47
16:17,0.1955,0.031325,52
16:18,0.1822,0.034846,78
16:19,0.1349,0.030647,96
16:20,0.7121,0.054706,252
16:21,0.3816,0.112422,169
16:22,0.2256,0.049288,98
16:23,0.1909,0.033172,97
16:24,0.2219,0.034901,127
16:25,0.2575,0.033282,76
16:26,0.1994,0.033602,56
16:27,0.2316,0.035529,67
16:28,0.2031,0.033659,53
16:29,0.5652,0.032436,159
16:30,6.8604,1.017302,2335
16:31,0.4397,0.357068,202
16:32,0.2308,0.065855,65
16:33,0.2317,0.034625,64
16:34,0.2030,0.034555,58
16:35,0.2137,0.029925,63
16:36,0.1374,0.034512,39
16:37,0.2194,0.030384,59
16:38,0.6322,0.034219,176
16:39,0.4020,0.127865,104
16:40,0.2228,0.053129,72
16:41,0.2051,0.040314,62
16:42,0.2387,0.031342,68
16:43,0.1989,0.031812,60
16:44,0.1914,0.034684,50
16:45,0.2181,0.031879,64
16:46,0.1844,0.031822,51
16:47,0.2038,0.032610,59
16:48,0.1953,0.034213,54
16:49,0.7114,0.077944,194
16:50,0.2396,0.095829,68
16:51,0.1971,0.037178,66
16:52,0.1960,0.033514,54
16:53,0.2223,0.029227,65
16:54,0.2259,0.032059,60
16:55,0.2263,0.031498,65
16:56,0.1343,0.033559,37
16:57,0.2375,0.032517,71
16:58,0.2110,0.033560,57
16:59,0.8228,0.044160,227
17:00,0.5713,0.128183,201
17:01,0.2671,0.101115,113
17:02,37.2824,0.353036,10228
17:03,0.3147,5.042583,97
17:04,0.2222,0.043801,58
17:05,0.2549,0.035440,84
17:06,0.5262,0.062047,178
17:07,0.4461,0.093319,139
17:08,11.4055,0.819661,3123
17:09,1.7838,1.407323,511
17:10,0.9247,0.187710,385
17:11,1.2691,0.117959,1046
17:12,2.8149,0.323016,1267
17:13,0.5481,0.385803,199
17:14,0.5545,0.067225,151
17:15,0.2451,0.073884,76
17:16,0.1857,0.045138,109
17:17,0.1546,0.039007,68
17:18,0.2185,0.034475,142
17:19,0.6616,0.032317,216
17:20,0.4620,0.127634,155
17:21,0.3038,0.071720,166
17:22,0.2209,0.029881,118
17:23,0.2396,0.036090,68
17:24,0.1563,0.033703,50
17:25,0.2348,0.034159,66
17:26,0.2264,0.033738,61
17:27,0.2372,0.034903,72
17:28,1.0282,0.049946,299
17:29,0.4887,0.174874,130
17:30,1.4289,0.205484,415
17:31,7.2555,0.175342,2490
17:32,0.2360,1.049071,70
17:33,0.2115,0.036114,127
17:34,0.2029,0.033527,55
17:35,0.2298,0.032998,66
17:36,0.2500,0.032897,66
17:37,0.2206,0.036010,64
17:38,0.1649,0.037080,46
17:39,0.8853,0.094214,235
17:40,0.3683,0.101224,107
17:41,0.2339,0.047866,73
17:42,0.2106,0.038459,57
17:43,0.2659,0.034625,77
17:44,0.2300,0.033740,63
17:45,0.2266,0.035164,64
17:46,0.2342,0.036935,62
17:47,0.2125,0.035378,61
17:48,0.2314,0.034314,64
17:49,0.9832,0.086919,267
17:50,0.3474,0.116758,95
17:51,0.2246,0.055472,66
17:52,0.2267,0.040499,60
17:53,1.2064,0.033006,352
17:54,0.4563,0.228596,464
17:55,0.3313,0.039766,378
17:56,0.2038,0.068977,55
17:57,0.2440,0.043729,114
17:58,0.7678,0.048465,212
17:59,0.4094,0.130696,108
18:00,0.2211,0.046548,86
18:01,0.2369,0.043681,77
18:02,0.2790,0.044859,99
18:03,0.2143,0.031751,57
18:04,0.2247,0.036858,59
18:05,0.1794,0.036705,53
18:06,0.2043,0.035760,58
18:07,0.2765,0.037254,82
18:08,0.4278,0.044727,156
18:09,1.3581,0.153553,361
18:10,0.5841,0.116871,193
18:11,0.6774,0.103363,256
18:12,0.6458,0.116461,818
18:13,12.0905,0.894727,3289
18:14,2.1763,1.242722,613
18:15,0.2685,0.161626,86
18:16,0.7015,0.116565,193
18:17,0.3131,0.045847,87
18:18,0.1534,0.053461,47
18:19,0.9146,0.038484,251
18:20,0.8102,0.194433,218
18:21,0.3750,0.097311,105
18:22,0.1277,0.063402,107
18:23,0.2174,0.035317,64
18:24,0.2372,0.038145,137
18:25,0.2297,0.036485,128
18:26,0.2396,0.036080,79
18:27,0.2806,0.040487,148
18:28,0.1788,0.033321,93
18:29,0.2417,0.034339,88
18:30,2.3987,0.134526,685
18:31,1.2192,0.408066,332
18:32,8.5108,0.717272,3030
18:33,0.2989,0.717982,85
18:34,0.1682,0.033711,109
18:35,0.2060,0.037356,59
18:36,0.2486,0.030810,76
18:37,0.2228,0.034463,66
18:38,0.1836,0.035791,47
18:39,0.1515,0.036943,48
18:40,0.2327,0.033095,73
18:41,0.9845,0.042189,277
18:42,0.8373,0.211466,221
18:43,0.4767,0.127887,123
18:44,0.3696,0.074760,96
18:45,0.2897,0.056836,82
18:46,0.2189,0.039233,57
18:47,0.2595,0.037520,73
18:48,0.2208,0.031831,59
18:49,0.2201,0.033888,69
18:50,0.1430,0.036218,48
18:51,0.2596,0.033593,76
18:52,0.2407,0.034682,69
18:53,0.2008,0.035688,56
18:54,0.6309,0.032779,174
18:55,0.5805,0.134019,157
18:56,0.2263,0.072712,61
18:57,0.2141,0.046826,61
18:58,0.2071,0.030209,54
18:59,0.2300,0.038769,66
19:00,0.1908,0.030015,70
19:01,0.2397,0.040436,245
19:02,0.1495,0.035070,44
19:03,0.1813,0.033068,50
19:04,2.0126,0.046120,528
19:05,6.7272,0.498243,1752
19:06,10.0844,2.155206,2729
19:07,0.2044,0.608032,150
19:08,0.1839,0.036672,67
19:09,2.0650,0.044970,1350
19:10,1.0091,0.425509,275
19:11,7.0052,0.117720,2529
19:12,9.2212,1.977731,2463
19:13,0.2743,0.677316,176
19:14,7.7283,0.361305,2045
19:15,32.3169,1.885882,8487
19:16,34.9207,7.348895,9407
19:17,14.3613,3.170711,4163
19:18,8.9475,2.401259,2461
19:19,8.2433,1.050591,2310
19:20,4.3659,1.621649,1210
19:21,28.9562,0.893876,7927
19:22,26.9311,6.554097,7724
19:23,13.2884,2.858726,3682
19:24,20.7376,2.681576,5560
19:25,8.8057,2.800875,3085
19:26,3.2027,0.981467,855
19:27,26.6989,1.237960,7222
19:28,8.3006,4.153957,2298
19:29,5.5615,1.074499,1519
19:30,5.1083,0.964683,1427
19:31,1.2065,0.510299,342
19:32,2.9122,0.210421,799
19:33,1.2492,0.513980,333
19:34,5.0525,0.106899,2002
19:35,4.3703,1.466299,1157
19:36,0.2329,0.084694,66
19:37,0.1720,0.032123,48
19:38,0.2158,0.033555,56
19:39,0.1798,0.032578,53
19:40,0.2128,0.037487,63
19:41,0.2164,0.033869,66
19:42,0.2244,0.035509,68
19:43,0.1953,0.034957,53
19:44,0.2681,0.027971,75
19:45,0.7701,0.116925,209
19:46,0.2938,0.063952,78
19:47,0.1894,0.044702,54
19:48,0.2070,0.032135,53
19:49,0.1290,0.032436,39
19:50,0.2267,0.032594,66
19:51,0.1973,0.029927,59
19:52,0.1628,0.033295,47
19:53,0.1916,0.036449,52
19:54,0.1792,0.031414,604
19:55,8.4463,0.053232,2179
19:56,54.5943,1.677630,13980
19:57,0.4753,8.222138,228
19:58,0.4003,0.075950,397
19:59,8.3157,0.568282,2241
20:00,2.2531,0.839560,624
20:01,47.6116,7.361245,12866
20:02,6.1048,2.759459,1939
20:03,0.6631,1.160379,262
20:04,0.8973,0.052935,258
20:05,53.3309,3.701512,13674
20:06,10.0317,5.753845,3076
20:07,0.3220,0.654749,174
20:08,0.2996,0.052155,118
20:09,32.4933,0.515300,8573
20:10,16.6542,9.250174,4631
20:11,1.6615,1.106463,856
20:12,2.9608,0.102947,808
20:13,24.9295,1.026541,6478
20:14,31.9368,6.540933,8306
20:15,1.8453,2.321153,748
20:16,6.6037,0.830576,1728
20:17,2.0218,0.610885,569
20:18,42.2170,2.101500,11331
20:19,16.4983,6.763165,4699
20:20,5.2590,1.787008,1461
20:21,1.3001,0.586702,996
20:22,6.1317,0.763990,1626
20:23,1.3120,0.405385,390
20:24,11.3613,0.593064,3098
20:25,1.7546,1.576797,529
20:26,4.6653,0.370630,1294
20:27,0.9371,0.915072,293
20:28,0.1708,0.131544,121
20:29,0.3399,0.047324,89
20:30,1.8729,0.197815,614
20:31,7.3549,0.212804,2524
20:32,0.1699,1.046352,82
20:33,0.5402,0.055890,248
20:34,0.1631,0.108922,69
20:35,0.1894,0.029886,55
20:36,0.1855,0.034988,51
20:37,0.2120,0.029376,65
20:38,0.2137,0.033328,56
20:39,0.1836,0.035924,49
20:40,0.6209,0.034245,293
20:41,2.5246,0.252982,1239
20:42,1.0107,0.444719,394
20:43,1.1497,0.090042,372
20:44,0.3816,0.143275,128
20:45,0.2237,0.064400,125
20:46,0.1476,0.030088,78
20:47,0.2308,0.031976,81
20:48,0.2216,0.032007,134
20:49,0.2089,0.032839,65
20:50,0.1707,0.031164,118
20:51,0.1790,0.036182,64
20:52,0.3807,0.031065,103
20:53,0.6154,0.118289,167
20:54,0.2010,0.041028,55
20:55,0.1767,0.031757,50
20:56,0.1682,0.031451,53
20:57,0.1727,0.031870,47
20:58,0.2048,0.032813,56
20:59,0.0992,0.035421,29
21:00,0.0000,0.034512,0
21:01,0.0000,0.169804,0
21:02,0.0000,0.081489,0
21:03,0.0000,0.047833,0
21:04,0.0000,0.042005,0
21:05,0.0000,0.035330,0
21:06,0.0000,0.067319,0
21:07,0.0000,0.090524,0
21:08,0.0000,0.728220,0
21:09,0.0000,1.276119,0
21:10,0.0000,0.285343,0
21:11,0.0000,0.218521,0
21:12,0.0000,0.090936,0
21:13,0.0000,0.046952,0
21:14,0.0000,0.059589,0
21:15,0.0000,0.064023,0
21:16,0.0000,0.035213,0
21:17,0.0000,0.030758,0
21:18,0.0000,0.032997,0
21:19,0.0000,0.030831,0
21:20,0.0000,0.041566,0
21:21,0.0000,0.170987,0
21:22,0.0000,0.075680,0
21:23,0.0000,0.037066,0
21:24,0.0000,0.032563,0
21:25,0.0000,0.030501,0
21:26,0.0000,0.031436,0
21:27,0.0000,0.033690,0
21:28,0.0000,0.031265,0
21:29,0.0000,0.034153,0
21:30,0.0000,0.166114,0
21:31,0.0000,0.331931,0
21:32,0.0000,0.994830,0
21:33,0.0000,0.033568,0
21:34,0.0000,0.030128,0
21:35,0.0000,0.034151,0
21:36,0.0000,0.029458,0
21:37,0.0000,0.030929,0
21:38,0.0000,0.030992,0
21:39,0.0000,0.066871,0
21:40,0.0000,0.136343,0
21:41,0.0000,0.050101,0
21:42,0.0000,0.034127,0
21:43,0.0000,0.215326,0
21:44,0.0000,0.046738,0
21:45,0.0000,0.062399,0
21:46,0.0000,0.038219,0
21:47,0.0000,0.031543,0
21:48,0.0000,0.033215,0
21:49,0.0000,0.127549,0
21:50,0.0000,0.055176,0
21:51,0.0000,0.046373,0
21:52,0.0000,0.030344,0
21:53,0.0000,0.028673,0
21:54,0.0000,0.029662,0
21:55,0.0000,0.029915,0
21:56,0.0000,0.035243,0
21:57,0.0000,0.029803,0
21:58,0.0000,0.031772,0
21:59,0.0000,0.116327,0
22:00,0.0000,0.055398,0
22:01,0.0000,0.038893,0
22:02,0.0000,0.033522,0
22:03,0.0000,0.058394,0
22:04,0.0000,0.038719,0
22:05,0.0000,0.029997,0
22:06,0.0000,0.064106,0
22:07,0.0000,0.096501,0
22:08,0.0000,1.390271,0
22:09,0.0000,0.888021,0
22:10,0.0000,0.083571,0
22:11,0.0000,0.129688,0
22:12,0.0000,0.057902,0
22:13,0.0000,0.050450,0
22:14,0.0000,0.037209,0
22:15,0.0000,0.626278,0
22:16,0.0000,2.114376,0
22:17,0.0000,0.896885,0
22:18,0.0000,0.028524,0
22:19,0.0000,0.030846,0
22:20,0.0000,0.033099,0
22:21,0.0000,0.121050,0
22:22,0.0000,0.037555,0
22:23,0.0000,0.029679,0
22:24,0.0000,0.031168,0
22:25,0.0000,0.030539,0
22:26,0.0000,0.034995,0
22:27,0.0000,0.031532,0
22:28,0.0000,0.029187,0
22:29,0.0000,0.079476,0
22:30,0.0000,0.977852,0
22:31,0.0000,0.237754,0
22:32,0.0000,0.053612,0
22:33,0.0000,0.027545,0
22:34,0.0000,0.026859,0
22:35,0.0000,0.033400,0
22:36,0.0000,0.029511,0
22:37,0.0000,0.029146,0
22:38,0.0000,0.028447,0
22:39,0.0000,0.056561,0
22:40,0.0000,0.098077,0
22:41,0.0000,0.033494,0
22:42,0.0000,0.029402,0
22:43,0.0000,0.032220,0
22:44,0.0000,0.029653,0
22:45,0.0000,0.029407,0
22:46,0.0000,0.031889,0
22:47,0.0000,0.027305,0
22:48,0.0000,0.029345,0
22:49,0.0000,0.112857,0
22:50,0.0000,0.058404,0
22:51,0.0000,0.030198,0
22:52,0.0000,0.029095,0
22:53,0.0000,0.029777,0
22:54,0.0000,0.029391,0
22:55,0.0000,0.028521,0
22:56,0.0000,0.028867,0
22:57,0.0000,0.030285,0
22:58,0.0000,0.028168,0
22:59,0.0000,0.060595,0
23:00,0.0000,0.085260,0
23:01,0.0000,0.038494,0
23:02,0.0000,0.031145,0
23:03,0.0000,0.047687,0
23:04,0.0000,0.041007,0
23:05,0.0000,0.030104,0
23:06,0.0000,0.066134,0
23:07,0.0000,0.105666,0
23:08,0.0000,1.453193,0
23:09,0.0000,0.776890,0
23:10,0.0000,0.057733,0
23:11,0.0000,0.131224,0
23:12,0.0000,0.061795,0
23:13,0.0000,0.042627,0
23:14,0.0000,0.053377,0
23:15,0.0000,0.069919,0
23:16,0.0000,0.030790,0
23:17,0.0000,0.026402,0
23:18,0.0000,0.028677,0
23:19,0.0000,0.031394,0
23:20,0.0000,0.041304,0
23:21,0.0000,0.093076,0
23:22,0.0000,0.030116,0
23:23,0.0000,0.027257,0
23:24,0.0000,0.029631,0
23:25,0.0000,0.027577,0
23:26,0.0000,0.029250,0
23:27,0.0000,0.194573,0
23:28,0.0000,0.484057,0
23:29,0.0000,0.089814,0
23:30,0.0000,0.170545,0
23:31,0.0000,0.152734,0
23:32,0.0000,0.063881,0
23:33,0.0000,0.026877,0
23:34,0.0000,0.028647,0
23:35,0.0000,0.025170,0
23:36,0.0000,0.027964,0
23:37,0.0000,0.028587,0
23:38,0.0000,0.028152,0
23:39,0.0000,0.085591,0
23:40,0.0000,0.043766,0
23:41,0.0000,0.029809,0
23:42,0.0000,0.027437,0
23:43,0.0000,0.029198,0
23:44,0.0000,0.026632,0
23:45,0.0000,0.026289,0
23:46,0.0000,0.028563,0
23:47,0.0000,0.028003,0
23:48,0.0000,0.027362,0
23:49,0.0000,0.075449,0
23:50,0.0000,0.032096,0
23:51,0.0000,0.030262,0
23:52,0.0000,0.030928,0
23:53,0.0000,0.026848,0
23:54,0.0000,0.030207,0
23:55,0.0000,0.025730,0
23:56,0.0000,0.026287,0
23:57,0.0000,0.030683,0
23:58,0.0000,0.027447,0
23:59,0.0000,0.079042,0
